Subject,M/F
100610,M
102311,F
102816,F
104416,F
105923,F
108323,F
109123,M
111312,F
111514,M
114823,F
115017,F
116726,M
118225,M
125525,F
126931,F
128935,M
130114,M
130518,F
131217,F
131722,F
132118,F
134627,M
137128,F
140117,F
144226,F
145834,F
146129,M
146432,M
146937,F
148133,F
150423,F
155938,M
156334,F
157336,F
158035,F
158136,M
159239,F
164131,M
164636,M
167036,F
169040,M
169343,F
169444,F
169747,F
171633,M
172130,M
173334,M
176542,F
177645,F
177746,F
178142,F
178647,F
181232,F
181636,F
182436,F
182739,F
185442,M
187345,F
191033,F
191336,M
191841,F
192439,F
192641,F
195041,F
196144,F
197348,F
199655,M
200311,M
200614,F
201515,M
203418,M
204521,F
205220,F
209228,F
212419,F
214019,F
214524,M
221319,F
233326,M
239136,F
246133,F
249947,F
251833,M
257845,M
263436,F
318637,M
320826,F
346137,M
352738,M
365343,F
380036,M
381038,F
385046,M
389357,F
393247,F
397760,M
401422,F
412528,F
429040,F
436845,F
467351,M
473952,F
525541,F
536647,F
541943,F
547046,F
562345,F
572045,F
573249,M
601127,M
627549,F
638049,F
671855,M
680957,F
690152,M
706040,F
725751,M
732243,F
745555,F
751550,F
765864,F
770352,F
771354,F
782561,F
783462,M
789373,M
814649,M
818859,M
825048,F
826353,F
833249,F
859671,F
861456,F
871762,M
872764,F
878877,M
898176,M
899885,F
901139,F
901442,F
910241,M
926862,M
942658,M
943862,M
951457,F
958976,M
971160,M